{
  "benign": {
    "precision": 0.9,
    "recall": 0.9264705882352942,
    "f1-score": 0.9130434782608695,
    "support": 68
  },
  "malicious": {
    "precision": 0.75,
    "recall": 0.75,
    "f1-score": 0.75,
    "support": 4
  },
  "suspicious": {
    "precision": 0.8913043478260869,
    "recall": 0.8541666666666666,
    "f1-score": 0.8723404255319149,
    "support": 48
  },
  "accuracy": 0.8916666666666667,
  "macro avg": {
    "precision": 0.8471014492753622,
    "recall": 0.8435457516339869,
    "f1-score": 0.8451279679309281,
    "support": 120
  },
  "weighted avg": {
    "precision": 0.8915217391304348,
    "recall": 0.8916666666666667,
    "f1-score": 0.891327474560592,
    "support": 120
  }
}