{
  "benign": {
    "precision": 0.9027777777777778,
    "recall": 0.9558823529411765,
    "f1-score": 0.9285714285714286,
    "support": 68
  },
  "malicious": {
    "precision": 0.75,
    "recall": 0.75,
    "f1-score": 0.75,
    "support": 4
  },
  "suspicious": {
    "precision": 0.9318181818181818,
    "recall": 0.8541666666666666,
    "f1-score": 0.8913043478260869,
    "support": 48
  },
  "accuracy": 0.9083333333333333,
  "macro avg": {
    "precision": 0.8615319865319865,
    "recall": 0.8533496732026143,
    "f1-score": 0.856625258799172,
    "support": 120
  },
  "weighted avg": {
    "precision": 0.9093013468013467,
    "recall": 0.9083333333333333,
    "f1-score": 0.907712215320911,
    "support": 120
  }
}