{
  "benign": {
    "precision": 0.9962511568083071,
    "recall": 0.9979887495678954,
    "f1-score": 0.9971191962007928,
    "support": 63642
  },
  "malicious": {
    "precision": 0.9979601268546112,
    "recall": 0.9961979000954502,
    "f1-score": 0.9970782348398601,
    "support": 62860
  },
  "accuracy": 0.9970988600970736,
  "macro avg": {
    "precision": 0.9971056418314592,
    "recall": 0.9970933248316728,
    "f1-score": 0.9970987155203265,
    "support": 126502
  },
  "weighted avg": {
    "precision": 0.9971003596439199,
    "recall": 0.9970988600970736,
    "f1-score": 0.9970988421261676,
    "support": 126502
  }
}