{
  "benign": {
    "precision": 0.9960604070912672,
    "recall": 0.9979637867301547,
    "f1-score": 0.9970111884829042,
    "support": 63844
  },
  "malicious": {
    "precision": 0.9979211973903032,
    "recall": 0.9959781671933352,
    "f1-score": 0.9969487355624073,
    "support": 62658
  },
  "accuracy": 0.9969802848966814,
  "macro avg": {
    "precision": 0.9969908022407852,
    "recall": 0.996970976961745,
    "f1-score": 0.9969799620226557,
    "support": 126502
  },
  "weighted avg": {
    "precision": 0.9969820794644865,
    "recall": 0.9969802848966814,
    "f1-score": 0.9969802547815201,
    "support": 126502
  }
}